,menu_index,timestamp_utc,replay_id,team_id,opponent_id
0,0,2025-11-28 06:19:54 UTC,02LPCQ9YGVLJ,"QC0RR20QC,VQ9PURCUG","2PC0PG0YL,QU9J0RV8Y"
1,1,2025-11-28 06:15:18 UTC,02LPCQ9YPVC9,VQ9PURCUG,QC0RR20QC
2,2,2025-11-27 09:48:58 UTC,02LPCLR9JG2U,VQ9PURCUG,20YJCVPQGQ
3,3,2025-11-27 09:45:17 UTC,02LPCLR9QLJ2,VQ9PURCUG,202YRJQCG8
4,4,2025-11-27 09:38:36 UTC,02LPCLR92UQR,VQ9PURCUG,U8U9UU2QU
5,5,2025-11-27 09:36:21 UTC,02LPCLR90099,VQ9PURCUG,20R8PRQ8JR
6,6,2025-11-27 09:32:39 UTC,02PPUJCJ9R9L,VQ9PURCUG,VLVYR9L8L
7,7,2025-11-27 07:43:56 UTC,02QPCQ82LJLJ,"VQ9PURCUG,QC0RR20QC","QLP2JJPLQ,YQ0P8L88Y"
8,8,2025-11-27 07:39:25 UTC,02QPCQ82929V,"VQ9PURCUG,QC0RR20QC","QLP2JJPLQ,YQ0P8L88Y"
9,9,2025-11-27 07:33:51 UTC,00PY09C9GPRV,"VQ9PURCUG,V2000CPJ0","QLP2JJPLQ,YQ0P8L88Y"
10,10,2025-11-27 07:28:44 UTC,02VPJLC9RYQ8,"V2000CPJ0,VQ9PURCUG","YQ0P8L88Y,QLP2JJPLQ"
11,11,2025-11-27 06:16:30 UTC,02LPCLGY98Q0,VQ9PURCUG,QLP2JJPLQ
12,12,2025-11-27 06:04:05 UTC,02LPCLGPLCYJ,VQ9PURCUG,UJUPG888L
13,13,2025-11-27 06:00:39 UTC,029PUJ0RU0YG,VQ9PURCUG,VL2J0PG29
14,14,2025-11-26 19:26:48 UTC,02LPCLPLVJCC,VQ9PURCUG,VQPCRPULP
15,15,2025-11-26 18:34:09 UTC,02LPCLP0CC9L,VQ9PURCUG,20898LPJVR
16,16,2025-11-26 18:30:26 UTC,02LPCLP0YJQ9,VQ9PURCUG,VLGPQU0RJ
17,17,2025-11-26 18:25:54 UTC,02LPCL9VUYYG,VQ9PURCUG,20V2CQYJ89
18,18,2025-11-26 18:21:43 UTC,02LPCL9VYR0U,VQ9PURCUG,20PVGVUVGJ
19,19,2025-11-26 18:03:03 UTC,02RPCG22L8QP,VQ9PURCUG,VLQLLP22Y
20,20,2025-11-26 17:59:22 UTC,08RPQU8JYL0G,VQ9PURCUG,20L9092GLR
21,21,2025-11-26 17:56:12 UTC,02LPCL9JL8CG,VQ9PURCUG,20LQL0RQL9
22,22,2025-11-26 14:30:06 UTC,02LPCL82P08V,VQ9PURCUG,20G9U0JPUP
23,23,2025-11-26 14:26:15 UTC,020PUP8YP9UC,VQ9PURCUG,VYJJUJ2C0
24,24,2025-11-26 08:51:46 UTC,08V9V2GQ9J08,VQ9PURCUG,PC02L9P9Q
25,25,2025-11-25 17:00:26 UTC,00PY08JJLP0J,VQ9PURCUG,VYPCJUL0U
26,26,2025-11-25 16:56:41 UTC,08YPJ8LJ8UCQ,VQ9PURCUG,20Y2U0208V
27,27,2025-11-25 16:53:13 UTC,00PY08JRGPJQ,VQ9PURCUG,VYVURGRJP
28,28,2025-11-25 13:32:47 UTC,09C9Y9VY2G28,VQ9PURCUG,20RP02JC0R
29,29,2025-11-25 10:15:01 UTC,02CPJP2CQJLP,"QC0RR20QC,VQ9PURCUG","QLP2JJPLQ,YQ0P8L88Y"
30,0,2025-11-25 10:04:05 UTC,02LPCYYQGLCR,VQ9PURCUG,VGP2QP298
31,1,2025-11-25 09:59:06 UTC,02VPJYG00C9Y,"QC0RR20QC,VQ9PURCUG","YQ0P8L88Y,QLP2JJPLQ"
32,2,2025-11-25 07:14:08 UTC,02LPCYPC8Q2J,VQ9PURCUG,QC0RR20QC
33,3,2025-11-25 07:09:34 UTC,02LPCYPJUJVQ,VQ9PURCUG,QC0RR20QC
34,4,2025-11-25 07:05:53 UTC,02LPCYPJRC0G,VQ9PURCUG,QC0RR20QC
35,5,2025-11-25 07:00:56 UTC,02LPCYPJYJG9,VQ9PURCUG,QC0RR20QC
36,6,2025-11-25 06:58:32 UTC,02LPCYPJ9J0R,VQ9PURCUG,QC0RR20QC
37,7,2025-11-25 06:54:22 UTC,02LPCYPJ088J,VQ9PURCUG,QC0RR20QC
38,0,2025-11-18 14:14:48 UTC,02RPC8CYJV2U,V2C29QJ2R,20LJQJC2Y8
39,0,2025-11-27 13:39:25 UTC,02CPJYLU9PYU,UVCCY8RRG,VCQRUV282
40,1,2025-11-27 13:29:45 UTC,00JPULR2PPQC,UVCCY8RRG,20CGQUUCVQ
41,2,2025-11-27 13:26:09 UTC,080PJQQ2VYP0,UVCCY8RRG,VQ0PGQC8U
42,3,2025-11-27 13:18:53 UTC,00JPULR0PP20,UVCCY8RRG,VYJYPPQ98
43,4,2025-11-27 13:14:26 UTC,00JPULGVUGQV,UVCCY8RRG,200GUCUVL8
44,5,2025-11-27 13:08:33 UTC,00JPULGVY9Y2,UVCCY8RRG,VQYGJJUL0
45,6,2025-11-27 13:04:23 UTC,00JPULGV0202,UVCCY8RRG,200GL99Q8R
46,7,2025-11-26 18:45:36 UTC,09Q9U0Q0JPJG,UVCCY8RRG,20JJURRYL2
47,8,2025-11-26 14:31:38 UTC,02UPJY9LQR2Q,UVCCY8RRG,UJYYCU8CG
48,9,2025-11-26 14:25:15 UTC,00JPUL0GCCLL,UVCCY8RRG,VL8JCLGCQ
49,10,2025-11-26 14:17:23 UTC,00JPUL0G0L02,UVCCY8RRG,20VL0QQ89Y
50,11,2025-11-25 15:18:58 UTC,02UPJPGUC8JQ,UVCCY8RRG,VVRQUQYCP
51,12,2025-11-25 15:14:29 UTC,00JPUYL22002,UVCCY8RRG,RVUJLQJV2
52,13,2025-11-25 15:10:34 UTC,00JPUYL0GCVV,UVCCY8RRG,VLPU8PUQ8
53,14,2025-11-25 15:06:26 UTC,00JPUYL08Y0L,UVCCY8RRG,V2J9CRVQR
54,15,2025-11-25 15:02:36 UTC,00JPUYYVJQ2L,UVCCY8RRG,20JU92L099
55,16,2025-11-25 14:58:11 UTC,00JPUYYV9C0J,UVCCY8RRG,VL89LCQPL
56,17,2025-11-22 17:13:07 UTC,00JPU9G9R8P9,UVCCY8RRG,20JP0G0PJU
57,18,2025-11-22 17:09:52 UTC,00JPU9G99YQ9,UVCCY8RRG,VPYGUQQCC
58,20,2025-11-22 10:04:01 UTC,00JPU9Y2QVL9,UVCCY8RRG,VPYGQRLY0
59,23,2025-11-22 09:50:28 UTC,00JPU9Y0GLVC,UVCCY8RRG,VPYRJ0U2G
60,26,2025-11-22 09:38:10 UTC,00JPU9PVJCU8,UVCCY8RRG,VPL8GU88J
61,28,2025-11-22 07:08:53 UTC,00JPU9PPU2C2,UVCCY8RRG,VPYVUUR8U
62,29,2025-11-22 07:05:27 UTC,00JPU9PPRQY2,UVCCY8RRG,VPL9L0RCR
